epoch,acc,loss,val_acc,val_loss
0,0.7409476760506124,1.3758234259431399,0.892617459517829,1.0867983691897
