epoch,acc,loss,val_acc,val_loss
0,0.6599186704384724,1.8377317109236118,0.6967329545454546,1.7959166629747911
1,0.6910072579217561,1.5136577491106913,0.6959147425993721,1.3569941036231141
