epoch,acc,loss,val_acc,val_loss
0,0.862782887303003,0.9058879629894564,0.8786931782960892,1.0964321483942596
1,0.873552840438474,0.5340069936511579,0.8782238013790937,0.6684163793789134
2,0.87562400386447,0.40015463306537075,0.8779396054164554,0.37089627789561747
3,0.8747388925841898,0.37653596518545746,0.8785790387944684,0.37060970074330085
4,0.8775535486592384,0.36500257649586715,0.8515097735406663,0.8613180815220726
5,0.8756771098619901,0.37403615901092024,0.8783658954644076,0.3718799585347489
6,0.8777128685721467,0.3604838975759117,0.8792895206973141,0.3482776735963872
