epoch,acc,loss,val_acc,val_loss
0,0.5695721357850071,1.6745762517293743,0.1629971590909091,6.3984900970350616
