,Best Kappa,Epoch
densenet-001,0.8061127123276751,21
densenet-046,0.8142005475397212,28
densenet-047,0.8051,26
densenet-048,0.8140,26
densenet-049,0.7969765302095624,26
densenet-050,0.7818388267422337,29
densenet-051,0.7601234765175069,20
densenet-053,0.0,0
densenet-054,0.6627209041292281,40