,Best Kappa,Epoch
densenet-001,0.7709486405796709,22
densenet-002,0.153095212466961,6
densenet-003,0.741723329392027,23
densenet-004,0.766839876352009,28
densenet-005,0.762,28
densenet-006,0.7599,16
densenet-007,0.775,25
densenet-008,0.7654,12
densenet-009,0.7556,15
densenet-010,0.1681,2
densenet-011,0.3224,9
densenet-012,0.7262,23
densenet-013,0.6982,27
densenet-014,0.777596694243083,17
densenet-015,0.760296392913295,24
densenet-016,0.3965476407692463,5
